,description,positive_comms,negative_comms,pluses,minuses
0,"электрический чайник ""quick boil"" - идеальное решение для тех, кто устал ждать заварки чая. благодаря особому дизайну и использованию инновационных технологий этот чайник готовит чай моментально, сокращая время до минимума. изготовлен из прочных материалов, обеспечивающих долговечность и надежность работы. вмещает до 1,7 литра воды и имеет эргономичную рукоятку для удобной передачи. наличие автоматического выключения и защита от перегрева обеспечивают безопасное использование. электрический чайник ""quick boil"" - идеальное решение для быстрых и комфортных заварок чая.
","['1. ""этот чайник настоящий спаситель! позволяет мне быстро насладиться ароматным чаем в любое время дня. очень удобно в использовании.""', '2. ""рекомендую этот чайник всем любителям чая! за считанные минуты получаешь горячую воду для заварки чая. очень стильный и надежный товар.""']","['1. ""к сожалению, у меня этот чайник сломался через несколько месяцев использования. заваривать чай больше не получается.""', '2. ""чайник часто оказывается горячим на поверхности после работы, что делает его использование несколько неудобным.""']","быстрая заварка чая, прочные материалы, большой объем, удобная рукоятка, автоматическое выключение, защита от перегрева

","возможность поломки через несколько месяцев, нагрев поверхности во время работы, обычный дизайн"
1,"компактный и стильный портативный bluetooth-динамик, идеально подходящий для использования в доме, на открытом воздухе или в поездках. он обладает мощным звуком и высококачественным басом, что делает его отличным выбором для прослушивания музыки. динамик легко подключается к любому bluetooth-устройству, позволяя вам наслаждаться любимыми треками без проводов. в комплекте поставляется силиконовый чехол, который защищает динамик от пыли и воды, а также удобен для переноски.

","['1. очень доволен этим динамиком! звук чистый и громкий, прямо как в большой аудитории. отлично работает как в домашних условиях, так и на улице. батарея держит долго, можно слушать музыку всю ночь. рекомендую!', '2. компактный размер и удобный чехол делают этот динамик идеальным для путешествий. быстро подключается к моему смартфону и звучит потрясающе. отличное соотношение цены и качества.']","['1. пульт управления динамиком достаточно неудобен в использовании. кнопки слишком маленькие и сложно найти нужную функцию.', '2. защитный чехол не рассчитан на длительное использование. после нескольких недель эксплуатации он начал расшиваться.']","качественный звук, мощный бас, легкое подключение по bluetooth, компактный и стильный дизайн, водонепроницаемый чехол для переноски.
","неудобный пульт управления, недолговечный защитный чехол."
2,"электронная зубная щетка xyz с новейшей технологией sonic clean обеспечивает эффективное и бережное очищение полости рта. уникальный дизайн щетки позволяет достигать даже труднодоступных мест, устраняя налет и зубной камень. более 40 000 вибраций в минуту гарантируют идеальную чистоту зубов и десен. зубная щетка xyz имеет 4 режима работы, включая обычное очищение, эффективное удаление пятен, массаж десен и чувствительное очищение. поставляется с зарядным устройством и сменной насадкой. 
","['1. я очень доволен этой электрической зубной щеткой! она действительно эффективно очищает зубы, оставляя ощущение свежести и чистоты. разные режимы работы позволяют выбрать оптимальный режим для своих потребностей. ', '2. отличный дизайн и превосходное качество! зубная щетка xyz очень удобна в использовании, достигает даже самые труднодоступные участки полости рта. действительно помогает избавиться от зубного налета и камня. рекомендую всем!']","['1. у меня возникли проблемы с этой зубной щеткой через несколько месяцев использования. она начала работать с перебоями, иногда не включается, иногда сама выключается. не доволен таким ненадежным устройством.', '2. что-то с этой щеткой не так. после нескольких недель использования, она стала очень шумной и вибрация стала намного слабее. сменная насадка также быстро изнашивается. результат очистки уже не такой, как в начале использования.']","эффективное очищение, уникальный дизайн, разные режимы работы
","потенциальные проблемы с надежностью, шумность работы, износ насадок"
3,"электрическая зубная щетка ""white smile"" - незаменимая вещь в повседневном уходе за полостью рта. она обладает высокими технологическими функциями, позволяющими достичь идеального уровня чистоты зубов и здоровья десен. благодаря вибрации насадки, эта щетка легко удаляет зубной налет, оставляя ощущение свежести и чистоты даже после первого применения. устройство оснащено различными режимами чистки, такими как ежедневная чистка, чувствительная чистка, отбеливание и массаж десен, что позволяет каждому пользователю выбрать наиболее подходящий режим для своих потребностей. электрическая щетка ""white smile"" имеет компактный размер, легко помещается в путешественный чехол и с легкостью заряжается через usb.

","['1. ""эта щетка просто невероятна! она очень эффективно чистит зубы и мягко массирует десны. моя полость рта никогда не ощущалась так чистой и свежей!""', '2. ""я очень довольна результатом использования этой щетки. мои зубы стали значительно более белыми всего за несколько дней. функция отбеливания действительно работает!""']","['1. ""на самом деле, эта щетка не оправдала моих ожиданий. она не очень эффективно чистит зубы, и у меня всегда остаются ощущение недочистоты.""', '2. ""я разочарована в этой щетке. у меня возникла проблема с зарядкой через usb – она перестала заряжаться после нескольких использований.""']","эффективная чистка зубов, мягкий массаж десен, отбеливание зубов, компактный размер, зарядка через usb

","неэффективность чистки, проблемы с зарядкой через usb, недостаток уникальных характеристик."
4,"

продукт - экологичная переносная бутылка-термос для воды, идеально подходящая для активного образа жизни. изготовленная из высококачественной нержавеющей стали, эта бутылка идеально подходит для хранения и долговременного сохранения температуры жидкости. у нее стильный и эргономичный дизайн, который легко поместится в рюкзак, сумку или автомобильный подстаканник. благодаря двойной стенке с термоизоляцией, данная бутылка сохранит ваши напитки горячими до 12 часов и холодными до 24 часов. крышка с плотным вакуумным уплотнением обеспечивает полную герметичность и предотвращает протекание. дополнительно, в комплекте идет силиконовый чехол, который защитит бутылку от повреждений и обеспечит надежный захват. 

","['1. я очень довольна этой бутылкой-термосом! она действительно сохраняет горячие напитки долгое время, я была удивлена, что чай остался горячим даже через 10 часов. кроме того, она красивая и удобная, легко помещается в сумку и не протекает.', '2. отличная бутылка! очень удобно брать ее с собой в походы, велопрогулки или на работу. удобный размер и прочный материал делают ее незаменимой. изюминка - это силиконовый чехол, который не только обеспечивает защиту, но и комфортный захват.']","['1. мне не понравился внешний вид бутылки. дизайн слишком простой и скучный, я ожидала что-то более стильное и оригинальное.', '2. крышка не герметична. я испытал проблемы с протеканиями, когда бутылка была полностью заполнена горячим напитком. это довольно разочаровывает.']","долговременное сохранение температуры, стильный дизайн, удобный размер, прочный материал, силиконовый чехол для защиты.
","скучный дизайн, неполная герметичность крышки."
5,"электронный чайник ""smartkettle"" - это современное и удобное устройство, которое обеспечит быстрое и комфортное приготовление горячих напитков. чайник выполнен из нержавеющей стали высокого качества, что гарантирует его долговечность и стойкость к коррозии. он оснащен удобной электронной панелью управления, на которой есть кнопки для выбора температуры и режимов нагрева. благодаря функции поддержания тепла, напиток долго не остынет. компактный размер и стильный дизайн позволяют легко вписать чайник в любой интерьер кухни. 
","['1. ""очень довольна покупкой! чайник нагревает воду очень быстро, а кнопки на панели управления делают эксплуатацию чайника очень простой и удобной.""', '2. ""отличный дизайн и функционал. особенно понравилась кнопка для выбора температуры, которая пригодится при заваривании разных видов чая.""']","['1. ""к сожалению, у чайника отсутствует указатель уровня воды, что довольно неудобно при наливе воды.""', '2. ""при работе чайник издает довольно громкий шум, что мешает спокойному время от времени.""']","быстрый нагрев воды, удобное управление, функция поддержания тепла, стильный дизайн
","отсутствие указателя уровня воды, шум при работе"
6,"
электрический чайник ""звезда"" - это стильное и функциональное устройство для быстрого и удобного приготовления горячих напитков. он оснащен мощным нагревательным элементом, благодаря которому вода быстро нагревается и закипает. корпус изготовлен из прочного и надежного материала, который устойчив к высоким температурам. чайник имеет эргономичную ручку, которая не нагревается во время работы, а также удобное отверстие для наливания воды. благодаря своему компактному размеру, этот чайник идеально подходит для использования в офисе, дома или на природе. он также обладает автоматической системой отключения, которая предотвращает перегрев и перелив воды.

","['1. ""этот чайник просто шикарный! очень удобно пользоваться, он быстро кипятит воду, а его эргономичная ручка делает использование еще комфортнее. видно, что устройство сделано из качественных материалов, оно прослужит долгое время.""', '2. ""отличная покупка! чайник ""звезда"" полностью оправдал мои ожидания. он компактный, красивый и выполняет свою функцию на отлично. плюс автоматическое отключение - это очень удобно и безопасно.""']","['1. ""мой чайник сломался всего через месяц использования. отключение перестало работать, иногда он не закипает, а просто нагревает воду до теплого состояния. разочарована в качестве данной модели.""', '2. ""изначально чайник ""звезда"" нагревал воду долго, а с течением времени время нагревания увеличивалось. теперь приходится долго ждать, пока он закипит. очень неудобно.""']","быстрое нагревание, надежность корпуса, эргономичная ручка, компактный размер, автоматическая система отключения
","непродолжительный срок службы, долгое время нагревания в некоторых случаях"
7,"
электронный чайник ""ультра"" - идеальное решение для приготовления горячих напитков в домашних условиях. обладая современным дизайном, этот чайник станет замечательным дополнением к вашей кухне. стеклянный корпус позволяет вам следить за процессом закипания воды, а эргономичная рукоятка обеспечивает комфортную и безопасную эксплуатацию. благодаря мощности в 2000 вт, вода быстро нагревается, что позволяет вам сэкономить время. кроме того, чайник оснащен автоматической системой отключения при закипании воды, что обеспечивает безопасность использования. 

","['1) отличный чайник! быстро нагревается вода, дизайн супер! мне очень нравится, что можно наблюдать за процессом закипания.', '2) этот чайник стал настоящей находкой для меня. пользоваться им очень удобно, а рукоятка не нагревается во время работы. очень довольна покупкой!']","['1) плохая качество сборки. у меня через неделю использования отвалилась ручка.', '2) шумит при работе, что очень раздражает. еще и вода часто переливается из-за неудачно расположенного носика.']","быстрое нагревание воды, стильный дизайн, возможность наблюдения за процессом закипания, автоматическое отключение при закипании воды, эргономичная рукоятка.

","плохая качество сборки, шум при работе, неудачно расположенный носик для налива воды, хрупкость конструкции."
8,"
данный товар представляет собой смартфон среднего класса с большим экраном и высокой производительностью. он оснащен мощным процессором, который обеспечит быструю работу приложений и игр. также, в его основе лежит операционная система, которая позволяет удобно и просто управлять телефоном. камера смартфона позволяет снимать качественные и яркие фотографии, а также записывать видео высокого разрешения. кроме того, в данном устройстве предусмотрена возможность расширения памяти с помощью карты памяти. дизайн смартфона выполнен в современном стиле, что придает ему элегантный внешний вид.

","['1. ""смартфон превзошел мои ожидания. я приятно удивлен его производительностью и скоростью работы приложений.""', '2. ""камера на высоте! снимки получаются четкие и яркие, даже вне помещения.""']","['1. ""емкость аккумулятора оказалась недостаточной, пришлось постоянно заряжать телефон.""', '2. ""не понравилась качество сборки устройства, корпус скрипит при нажатии на него.""']","
- мощный процессор для быстрой работы
- качественная камера
- возможность расширения памяти

","
- недостаточная емкость аккумулятора
- плохое качество сборки"
9,"электрическая зубная щетка xyz pro
электрическая зубная щетка xyz pro - это инновационное средство гигиены полости рта, которое обеспечивает непревзойденное качество чистки зубов и десен. щетка оснащена мощным двигателем, способным генерировать до 30 000 движений в минуту, что позволяет максимально эффективно удалять зубной налет и предотвращать проблемы с зубами и деснами. уникальная форма головки щетки и мягкость щетинок способствуют бережной очистке зубов даже в самых труднодоступных местах. электрическая зубная щетка xyz pro оснащена датчиком давления, который предупреждает о слишком сильном нажатии на зубы, что помогает избежать повреждений. кроме того, щетка имеет несколько режимов работы, чтобы каждый пользователь мог выбрать наиболее комфортный и эффективный режим для себя. батарея заряжается быстро и долго держит заряд, что делает эту электрическую зубную щетку идеальной для использования дома и в путешествиях.

","['1. ""я очень довольна электрической зубной щеткой xyz pro! она выполняет свою работу на отлично - мои зубы стали гораздо чище и свежее после чистки. кроме того, щетка очень комфортная в использовании - мягкие щетинки не вызывают дискомфорта и делают чистку приятной"".', '2. ""удивительная зубная щетка! я уже довольно долго пользуюсь ею и могу сказать, что она действительно эффективна. мои зубы теперь выглядят белоснежными, а десны здоровыми. я также оцениваю наличие датчика давления, который помогает мне избежать перенапряжения во время чистки"".']","['1. ""щетка xyz pro быстро разряжается, что вызывает неудобство. приходится часто заряжать батарею, что нетипично для электрических зубных щеток"".', '2. ""я не очень довольна качеством щетки xyz pro. у меня было ощущение, что щетинки слишком жесткие, и они вызывали дискомфорт при чистке зубов. возможно, мне просто не подошел этот конкретный вариант щетки"".']","эффективная чистка, мягкие щетинки, датчик давления, наличие нескольких режимов работы, быстрая зарядка, удобство в использовании

","быстрое разрядка, возможность вызывать дискомфорт из-за жесткости щетинок, неотличимость от других моделей"
10,"мультиварка redmond rmc-m1505 с большим объемом чаши и многофункциональными возможностями поможет вам без труда приготовить разнообразные блюда. этот устройство оснащено высококачественной нержавеющей сталью внутри и прочным корпусом из пластика сендвичного типа, что обеспечивает его долговечность и устойчивость к различным видам повреждений. мультиварку redmond rmc-m1505 можно использовать для приготовления различных видов пищи, таких как мясо, овощи, рыба, супы, каши, десерты и многое другое. благодаря удобному управлению и большому выбору программ приготовления, вы сможете легко кулинарить разнообразные блюда для себя и своей семьи. мультиварка имеет функцию таймера, что позволяет вам настроить время приготовления блюда, а затем она автоматически выключится. кроме того, мультиварка имеет низкое энергопотребление, что помогает экономить электроэнергию. продуманный дизайн и компактные размеры делают эту мультиварку идеальным помощником на кухне. 

","['1. ""очень довольна покупкой этой мультиварки! она делает всю работу за вас - просто добавьте ингредиенты и выберите программу, остальное она сделает сама. очень удобно и вкусно!""', '2. ""мультиварка redmond rmc-m1505 - моя любимая покупка для кухни! она быстро и легко готовит самые разнообразные блюда, а также помогает экономить мое время. рекомендую всем!""']","['1. ""у меня несколько раз произошла неисправность с программами приготовления. когда я устанавливаю одну программу, она автоматически переключается на другую. это довольно раздражает.""', '2. ""не очень доволен качеством сборки этой мультиварки. внутри некоторых деталей видны следы коррозии, что вызывает сомнения в долговечности товара.""']","многофункциональность, большой объем чаши, прочность и долговечность, удобное управление с выбором программ, автоматическое отключение, низкое энергопотребление, компактные размеры.
","возможные неисправности с программами приготовления, сомнения в качестве сборки."
11,"
электрическая зубная щетка sonicclean pro - это инновационное решение для эффективного и безопасного удаления зубного налета. благодаря высокочастотным вибрациям до 40 000 движений в минуту, эта щетка глубоко очищает зубы, удаляя налет и предотвращая появление зубного камня. устройство оснащено 3 режимами работы, позволяющими выбрать оптимальный уровень интенсивности для вашей чувствительности зубов. щетка имеет эргономичную форму и прорезиненную текстуру для комфортного и удобного использования. батарея обеспечивает продолжительную автономную работу, а удобное зарядное устройство позволяет быстро и легко заряжать щетку. 

","['1. я очень доволен этой зубной щеткой. она мягко и эффективно очищает зубы, делая их значительно более гладкими. режимы работы позволяют выбрать оптимальный уровень для моих чувствительных зубов. батарея держится достаточно долго, что очень удобно в длительных поездках. очень рекомендую!', '2. зубная щетка sonicclean pro - лучшая покупка для здоровья моих зубов. благодаря интенсивным вибрациям и качественным щетинкам, она отлично очищает даже самые труднодоступные места. удобный дизайн и хорошее качество материалов делают ее идеальной для ежедневного использования.']","['1. щетка перестала работать через несколько месяцев использования. неудобно, что гарантия на нее всего 6 месяцев. ожидал большей надежности.', '2. щетка работает хорошо, но щетинки изнашиваются очень быстро. приходится часто менять насадку.']","эффективно очищает зубы, разные режимы работы, долгая автономная работа, удобный дизайн и зарядное устройство.

","надежность работы (сокращенный срок службы, небольшая гарантия), быстрое изношение щетинок."
12,"электронный чайник ""термомастер"" является современным и надежным устройством, предназначенным для быстрого и эффективного кипячения воды. обладая вместительным объемом в 1,7 литра, чайник позволяет приготовить достаточное количество горячих напитков для всей семьи или гостей. благодаря прочному корпусу из нержавеющей стали, чайник прослужит вам долгие годы, не теряя своей внешней привлекательности. устройство оснащено индикаторной подсветкой, которая позволяет удобно отслеживать процесс кипячения. за счет функции автоматического отключения, чайник самостоятельно отключается от сети после закипания воды, что экономит электроэнергию и предохраняет устройство от перегрева. 

","['1. ""чайник ""термомастер"" - отличное приобретение! он нагревает и кипятит воду очень быстро, несмотря на свою вместительность. кроме того, он очень удобен в использовании - есть кнопка для открытия крышки и маркер уровня воды. дизайн тоже привлекательный, глянцевый корпус из нержавеющей стали смотрится современно и стильно. рекомендую!""', '2. ""удобный и надежный чайник! я очень довольна его функциональностью и качеством. вода вскипает быстро, а благодаря автоматическому отключению, не нужно беспокоиться о перегреве. индикаторная подсветка - это очень удобно, особенно в темное время суток. рекомендую всем!""']","['1. ""вибрация при работе чайника очень сильная. кажется, что чайник вот-вот упадет с подставки. достаточно неудобная особенность, особенно если использовать чайник на высокой мощности.""', '2. ""чайник нагревает воду быстро, но я заметила, что долго остывает после использования. иногда это вызывает неудобства, особенно когда нужно быстро снова вскипятить воду.""']","быстрое кипячение, вместительность, прочный корпус, индикаторная подсветка, функция автоматического отключения от сети
","сильная вибрация при работе, долгое остывание после использования, возможные неприятные запахи"
13,"электрический чайник ""ecopro"" - это стильный и функциональный прибор, который обязательно станет незаменимым помощником на кухне. он имеет лаконичный дизайн с глянцевым пластиковым корпусом, которая отлично впишется в любой интерьер. чайник оснащен мощным нагревательным элементом, который позволяет быстро вскипятить воду. емкость чайника составляет 1,7 литра, что достаточно для приготовления большого количества горячих напитков. также в чайнике есть фильтр для очистки воды от накипи и масляной пропитки, что обеспечивает здоровье и превосходный вкус напитков. управление чайником осуществляется посредством электронных кнопок, что делает его использование максимально удобным и интуитивно понятным. благодаря удобной ручке и легкому весу чайника, его можно легко переставлять по кухне. защита от перегрева и автоматическое отключение являются дополнительными безопасными функциями данного чайника.

","['1. ""чайник ecopro - просто находка! он выполняет свои функции на отлично, вода быстро нагревается. дизайн очень современный и элегантный - он прекрасно смотрится на моей кухне. кнопки управления удобные, все функции понятны. пользуюсь уже несколько месяцев и очень довольна покупкой!""', '2. ""мне нравится, что в чайнике есть фильтр для очистки воды. теперь я могу быть уверен, что мой чай будет вкусным и полезным. этот чайник также очень быстро нагревает воду - за несколько минут можно налить чашку чая! очень удобно и практично.""']","['1. ""у меня этот чайник недолго прослужил. через пару месяцев после покупки он перестал нагревать воду. пришлось сдать на ремонт, потратил много времени и сил. не очень доволен качеством данного товара.""', '2. ""мне не понравилось качество пластика, из которого сделан чайник. он быстро царапается и потерял свой первоначальный блеск. дизайн, хоть и современный, но кажется не очень прочным.""']","стильный дизайн, быстрое нагревание воды, вместительность 1,7 литра, фильтр для очистки воды, удобные электронные кнопки управления, легкий вес и удобная ручка для перестановки, защита от перегрева и автоматическое отключение.

","недолговечность некоторых экземпляров, качество пластика, склонность к царапинам, остаточная вода на дне после нагревания."
14,"

представляем вам новый электрический чайник ""эко лайт""! этот стильный и функциональный чайник идеально подойдет для приготовления горячих напитков, будь то чай или кофе. он имеет емкость 1,7 литра, что позволяет вам приготовить достаточное количество напитка для всей семьи или гостей. чайник оснащен мощным нагревательным элементом, который позволяет быстро закипятить воду. благодаря интеллектуальной системе автоматического выключения, чайник самостоятельно отключается при закипании, что обеспечивает безопасность использования. кроме того, он имеет прочный корпус из нержавеющей стали, который легко моется и долговечен. также в комплекте с чайником идет удобный съемный фильтр для чая или кофе, который позволяет приготовить напиток прямо в чайнике, избегая использования дополнительных посудин. приобретайте электрический чайник ""эко лайт"" и наслаждайтесь комфортом и удобством при приготовлении горячих напитков! 

","['1. отличный чайник, все работает как часы! быстро закипает воду, ровно наливает, не течет. дизайн очень стильный и современный, подходит для любой кухни. удобный фильтр позволяет приготовить чай прямо в чайнике, без лишних проблем. рекомендую!', '2. купила этот чайник на подарок своим родителям - они в восторге! он очень прост в использовании, несложно заправить фильтр и налить воду. благодаря быстрому нагреву, они могут сразу насладиться своими любимыми горячими напитками. качество сборки и материалов отличное, уверена, что чайник прослужит долго.']","['1. очень разочарована покупкой. чайник начал течь уже через несколько месяцев использования. кроме того, кнопка открытия крышки очень слабая и часто заедает. не рекомендую покупать.', '2. чайник не соответствует заявленной мощности. время закипания воды значительно превышает заявленное. кроме того, он очень шумный во время работы. очень расстроен покупкой.']","быстрый нагрев воды, интеллектуальная система автоматического выключения, стильный и прочный дизайн, удобный съемный фильтр для чая или кофе, прост в использовании.
","склонность к протечкам, слабая кнопка открытия крышки, несоответствие заявленной мощности, может появиться накипь на нагревательном элементе."
15,"электрическая чайник-заварочник объемом 1,5 литра представляет собой удобный и функциональный прибор для приготовления чая. он выполнен из высококачественной нержавеющей стали, что обеспечивает его прочность и долговечность. чайник оснащен индикатором уровня воды, который позволяет контролировать количество жидкости, а также регулятором температуры. заварочный отсек с сетчатыми стенками позволяет с успехом использовать как чайные пакетики, так и свежие листья. благодаря высокой мощности в 2000 вт, вода быстро закипает, экономя время и энергию. стильный дизайн и удобная ручка делают этот чайник-заварочник идеальным добавлением к вашей кухне.
","['1) отличная вещь! быстро нагревает воду и отлично заваривает чай. большой объем позволяет приготовить чаю на несколько чашек сразу. 2) очень удобный чайник, все просто и интуитивно понятно. регулятор температуры пригодился для заваривания разных сортов чая. качество сборки на высоте, нет никаких нареканий.']","['1) не стоит своих денег. сначала он громко пищит, потом чайник начал протекать со дна. не смог использовать его долго. 2) представляла, что будет лучше. не долит пары лет, а уже треснул. качество оставляет желать лучшего.']","быстрый нагрев воды, регулятор температуры, удобство использования, большой объем, прочность и долговечность материалов.
","громкий писк при использовании, возможность протечек, трескучесть и не высокая мощность."
16,"электрическая зубная щетка sonicclean с ультразвуковой технологией и стильным дизайном. щетка оснащена вращающейся головкой и долговечными щетками смягченной щетиной, что обеспечивает эффективное и бережное очищение зубов и десен. уникальная функция пульсации и вибрации помогает удалить до 10 раз больше налета, чем обычная зубная щетка. щетка оснащена двумя режимами работы - стандартным и деликатным, что позволяет выбрать наиболее комфортное чистку. встроенный таймер обеспечивает оптимальную длительность процедуры чистки зубов.

","['1. очень эффективная щетка, зубы стали чище и свежее после каждого использования. ', '2. ультразвуковая технология действительно работает - мои зубы стали на вид белее уже после первой недели использования.']","['1. щетка создает слишком сильные вибрации, что вызывает некоторый дискомфорт во время чистки. ', '2. неудобно менять режимы работы на ходу, кнопки расположены слишком близко друг к другу.']","эффективное и бережное очищение зубов и десен, функция пульсации и вибрации, два режима работы, встроенный таймер, ультразвуковая технология, улучшение видимости белоснежности зубов.

","слишком сильные вибрации, неудобное расположение кнопок для смены режимов работы."
17,"электрическая зубная щетка sonicclean pro - инновационное решение для вашей полной устной гигиены. имеющая компактную и эргономичную форму, эта щетка оснащена двигателем с высокой частотой вращения, создавая мощную вибрацию, которая эффективно удаляет до 4 раз больше налета и зубного камня по сравнению с обычной щеткой. технология sonicclean обеспечивает мягкое и глубокое очищение зубов, при этом аккуратно массируя десны и повышая кровообращение для более здоровых десен. благодаря таймеру, встроенному в ручку, вы можете быть уверены, что правильно чистите зубы в течение рекомендуемых двух минут. в комплекте с электрической щеткой поставляются три сменных насадки разного степени мягкости, а также зарядное устройство. 

","['1. ""отличная щетка! она действительно эффективно очищает зубы и делает их гладкими. к тому же, массаж десен действительно приятный, десны становятся здоровее. очень доволен этой покупкой!""', '2. ""у меня нежные зубы, но эта щетка не вызывает никаких дискомфортных ощущений или раздражений. она действительно эффективно и мягко очищает каждый зуб. благодаря таймеру, я уверен, что провожу достаточное количество времени на чистку. рекомендую!""']","['1. ""насадки быстро износятся и нужно часто покупать новые, что делает эксплуатацию этой зубной щетки довольно дорогой. возможно, производитель мог предоставить больше насадок в комплекте"".', '2. ""мощная вибрация устройства может вызывать неприятные ощущения у людей с чувствительными зубами. я не могу использовать эту щетку каждый день из-за этого"".']","эффективное удаление налета и зубного камня, мягкое и глубокое очищение, массаж десен, встроенный таймер, компактный и эргономичный дизайн, поставляется с тремя сменными насадками.
","быстрое изношение насадок, возможные неприятные ощущения при мощной вибрации, длительное время зарядки, высокая цена."
18,"электрический чайник ""супербыстрый"" - это современное и стильное устройство, которое поможет вам быстро и удобно вскипятить воду для чая или кофе. чайник выполнен из высококачественной нержавеющей стали, что обеспечивает его долговечность и стойкость к коррозии. он имеет емкость 1,7 литра и мощность 2200 вт, благодаря чему вода нагревается всего за несколько минут. для удобства использования предусмотрена возможность поворота на 360 градусов на основании, а также наличие индикатора уровня воды и автоматического отключения при кипении. электрический чайник ""супербыстрый"" - это идеальное решение для тех, кто ценит свое время и стремится к комфорту.

","['1. отличный чайник! вода кипит буквально за пару минут, что очень удобно, особенно утром, когда времени на завтрак не так много. также нравится его стильный дизайн и компактные размеры.', '2. удобная функция автоматического отключения - это просто спасение. до этого часто забывала выключать чайник и это приходилось платить лишние деньги за уходящую на ветер электроэнергию. теперь все стало гораздо легче!']","['1. к сожалению, чайник начал шуметь после некоторого времени использования. это достаточно неприятно, особенно в тихой обстановке. ', '2. мощность чайника вполне приемлемая, но если необходимо вскипятить большой объем воды, то процесс может затянуться на довольно долгое время.']","быстрое кипячение воды, стильный дизайн, компактные размеры, удобная функция автоматического отключения, стабильная работа.

","шум во время работы, ограниченная мощность для большого объема воды, ничего особенного в качестве материалов."
19,"

наушники xyz-2000 – это современные и стильные наушники, предназначенные для тех, кто ценит качественное звучание и комфорт. они оснащены большими звуковыми драйверами, которые обеспечивают отличное качество звука с четкими высокими и глубокими басами. наушники имеют эргономичный дизайн, который обеспечивает идеальную посадку на уши и комфорт даже при длительном использовании. они также обладают встроенным микрофоном и пультом управления, чтобы вы могли управлять музыкой и принимать звонки без необходимости доставать смартфон. также в комплекте идет удобная сумка для хранения и переноски наушников. у наушников xyz-2000 отличное соотношение цены и качества, что делает их прекрасным выбором для всех меломанов. 

","['1. отличные наушники за свою цену! качество звука просто потрясающее, высокие и низкие частоты звучат ясно и глубоко. их удобно носить благодаря эргономичному дизайну, и они не вызывают дискомфорта даже после нескольких часов использования. было приятно обнаружить в комплекте сумку для хранения, так что я могу легко брать их с собой в дорогу.', '2. пользуюсь этими наушниками уже несколько месяцев и очень доволен. они имеют отличное качество звука и шумоизоляцию, что позволяет мне наслаждаться музыкой без посторонних шумов. микрофон также работает хорошо, и мне удобно использовать его для звонков. наушники выполнены из прочных материалов, поэтому я уверен, что они будут служить долго.']","['1. к сожалению, эти наушники не подошли мне. качество звука явно не на уровне, ожидаемого от такой цены. высокие частоты звучат искаженно, а низкие басы не такие глубокие, как я хотел бы. к тому же, после нескольких часов использования, они вызывают дискомфорт на ушах. не рекомендую.', '2. покупка данных наушников оказалась разочарованием. их заявленная шумоизоляция не справляется с окружающими звуками, и я постоянно слышу шумы вокруг. кроме того, микрофон работает с ошибками, и меня часто не слышат во время звонка. за эту цену можно найти гораздо лучшие варианты.']","
- отличное качество звука;
- удобный эргономичный дизайн;
- встроенный микрофон и пульт управления;
- сумка для хранения и переноски в комплекте;
- хорошее соотношение цены и качества.

","
- искажения на высоких частотах;
- могут вызывать дискомфорт после длительного использования;
- недостаточная шумоизоляция;
- проблемы с микрофоном.
 "
20,"электронный планшет ""smartpad"" - это высокотехнологичное устройство, предназначенное для мультимедийного использования, работы с документами и интернет-серфинга. планшет имеет 10-дюймовый сенсорный экран с высоким разрешением, что обеспечивает отличное качество изображения. благодаря процессору с большим объемом оперативной памяти планшет работает очень быстро и без задержек. устройство оснащено встроенной камерой высокого разрешения, позволяющей делать четкие фотографии и записывать видео. кроме того, планшет имеет удобную клавиатуру и многофункциональный сенсорный экран, что делает использование устройства очень комфортным. батарея планшета имеет большой запас, что позволяет использовать устройство в течение длительного времени без подзарядки.
","['1. ""отличный планшет! работает быстро и очень удобно. качество изображения просто потрясающее, особенно на таком большом экране. устройство легко справляется с запуском игр и работы с документами. очень рад покупке!""', '2. ""камера на этом планшете удивительная! я делал на ней фотографии и видео - качество просто потрясающее. идеально подходит для людей, которые любят снимать моменты и делиться ими в социальных сетях.""']","['1. ""у меня возникли проблемы со сбоем приложений на этом планшете. иногда они просто вылетают, и это доставляет неудобства при работе. надеюсь, эта проблема будет решена в обновлении операционной системы.""', '2. ""недоволен звуком на этом планшете. громкость звука довольно низкая, особенно при использовании на улице или в шумном месте. для прослушивания музыки или просмотра фильмов приходится подключать наушники.""']","высокое разрешение экрана, быстрый процессор, качественная камера, удобная клавиатура, длительное время работы от батареи
","возможные сбои при работе с приложениями, низкая громкость звука, некоторое неудобство из-за веса устройства, не всегда удобная клавиатура для быстрого набора текста."
21,"
электрическая зубная щетка sonicclean - это инновационное средство для полноценного и эффективного ухода за полостью рта. она обладает современными технологиями, которые гарантируют бережное и глубокое очищение зубов и десен. уникальная система высокочастотных вибраций делает щетку идеальным инструментом для удаления зубного налета и предотвращения заболеваний полости рта. кроме того, sonicclean оснащена несколькими насадками, что позволяет подобрать оптимальный вариант для каждого пользователя. зубная щетка также имеет удобную эргономичную рукоятку, которая обеспечивает комфорт при использовании.

","['1. ""я очень довольна этой зубной щеткой! благодаря высокой скорости вибрации она очищает зубы и десны очень тщательно. после использования ощущение свежести и чистоты просто потрясающее!""', '2. ""удобная рукоятка и разные насадки делают эту зубную щетку идеальной для всей нашей семьи. очень удобно, что она идет в комплекте с зарядным устройством. советую всем!""']","['1. ""не понравилось, что заряда хватает только на несколько дней. приходится постоянно подзаряжать щетку, что не очень удобно.""', '2. ""чувствительные десны после использования этой зубной щетки стали кровоточить. возможно, она слишком сильная для меня.""']","
- инновационные технологии для эффективного очищения зубов и десен.
- несколько насадок для индивидуальной настройки.
- удобная эргономичная рукоятка.

","
- короткий срок работы от одной зарядки.
- может быть слишком сильной для людей с чувствительными деснами.
- высокая стоимость насадок."
22,"электрический чайник ""tastyboil"" - это стильное и функциональное устройство, которое станет незаменимым помощником в вашей кухне. чайник выполнен из высококачественного нержавеющего стали, что обеспечивает его долговечность и надежность. он имеет вместительность 1,5 литра, что позволяет приготовить большое количество горячих напитков одновременно. встроенная система автоотключения защищает от перегрева и случайного перелива. чайник оснащен мощной подставкой с возможностью поворота на 360 градусов, что облегчает его использование. удобная рукоятка не нагревается и не скользит в руке, обеспечивая безопасность и комфорт при использовании. наличие подсветки индикатора работы и удобного кнопочного управления делает использование чайника еще более простым и понятным.
","['1) ""отличный чайник! быстро нагревает воду до нужной температуры, безопасен в использовании благодаря системе автоотключения. к тому же он очень стильный и красиво выглядит на кухне!"" 2) ""радует удобство использования и высокая емкость чайника. очень удобно, что его можно вращать на 360 градусов на подставке. у меня большая семья, и он помогает нам всем сразу налить горячий чай или кофе.""']","['1) ""чайник выдает неприятный запах при первом использовании. приходится промывать его несколько раз, прежде чем можно будет его нормально использовать."" 2) ""кнопочное управление на чайнике работает ненадежно. иногда приходится несколько раз нажимать на кнопку, чтобы он включился или выключился.""']","стильный дизайн, высококачественные материалы, большая вместительность, встроенная система автоотключения, мощная подставка с возможностью поворота на 360 градусов, удобная рукоятка, подсветка индикатора работы, удобное кнопочное управление.
","неприятный запах при первом использовании, ненадежное кнопочное управление."
23,"электрическая зубная щетка xyz deluxe представляет собой современное устройство для эффективной и комфортной заботы о полости рта. имеет эргономичный дизайн и удобную рукоятку, что позволяет легко управлять при использовании. щетка оснащена мощным двигателем, который обеспечивает до 30 000 движений в минуту, что обеспечивает эффективное удаление налета и бактерий. благодаря особым щеточкам с некрашивающими волокнами, электрическая щетка xyz deluxe предотвращает повреждение эмали зубов и десен. таймер позволяет контролировать время чистки и равномерно распределить длительность на каждую челюсть. в комплекте идет несколько сменных насадок, что делает эту щетку идеально подходящей для всей семьи. корпус щетки водонепроницаем и легко моется под проточной водой. 
","['1. ""это лучшая зубная щетка, которую я когда-либо пробовал! волшебное ощущение после каждого использования, зубы словно отполированы. очень понравилась возможность выбора режимов и насадок, чтобы каждый член семьи мог настроить и использовать щетку по своему усмотрению. рекомендую всем!"" 2. ""не могу нарадоваться на эту щетку! двигатель работает практически бесшумно, а эффективность чистки просто поражает. чувствую, что мои зубы стали белее и свежее. батареи держат заряд долго, поэтому даже во время путешествий я могу быть уверен в чистоте своей полости рта.""']","['1. ""не подошла мне эта щетка. движения кажутся слишком сильными и вызывают неприятные ощущения. на первый взгляд, можно подумать, что это хорошее оборудование, но лично мне не понравилось."" 2. ""уже через месяц использования, двигатель начал работать гораздо тише и его мощность снизилась. это неприятное разочарование, учитывая его стоимость.""']"," эргономичный дизайн, мощный двигатель, некрашащие волокна, таймер, несколько насадок, водонепроницаемость.
","движения могут быть слишком сильными и вызывать неприятные ощущения, возможно снижение мощности и шумность двигателя со временем, неудобство при смене насадок."
24,"
интеллектуальная роботизированная игрушка ""малыш-робот"" - это уникальный товар, который предлагает ребенку увлекательные и развивающие игры. имеет компактный размер и яркую цветовую палитру. игрушка выполнена из безопасных материалов, что обеспечивает безопасность и комфорт ребенка. ""малыш-робот"" обладает интеллектуальным программным обеспечением, которое позволяет ему выполнять различные задания и игровые сценарии. большой плюс данной игрушки - наличие функции обучения, которая помогает ребенку не только развивать логическое мышление, но и учиться решать различные задачи. кроме того, ""малыш-робот"" имеет возможность взаимодействовать с ребенком и отвечать на его вопросы. также игрушка оснащена различными сенсорами, которые облегчают управление и делают игровой процесс более интересным и динамичным. наличие встроенного аккумулятора позволяет играть в любое время, не завися от наличия розетки. 

","['1. ребенок в восторге от этой игрушки! она очень увлекательная и разнообразная. малыш-робот помогает развивать логику и учит решать задачи. очень интересно наблюдать, как он взаимодействует с ребенком и отвечает на его вопросы. мы всей семьей проводим веселые часы, играя с этим роботом. рекомендую!', '2. отличная игрушка для развития! ""малыш-робот"" - находка для родителей, которые хотят развивать у ребенка логическое мышление и навыки решения задач. игры с этим роботом увлекают даже взрослых. компактный размер и встроенный аккумулятор делают его очень удобным в использовании. мы довольны покупкой!']","['1. робот не всегда отвечает на вопросы ребенка, что вызывает некоторое разочарование. в инструкции не очень подробно описаны все возможности игрушки, что затрудняет ее использование. не все приложения, с которыми робот совместим, работают стабильно. надеюсь, в будущих обновлениях исправят эту проблему.', '2. программное обеспечение робота требует постоянного обновления, что вызывает определенные неудобства. игрушка иногда зависает, что раздражает ребенка. некоторые игровые сценарии слишком сложные и малыш не может справиться с ними самостоятельно.']","увлекательные игры, развивающие возможности, безопасные материалы, функция обучения, взаимодействие с ребенком, сенсоры для удобного управления, встроенный аккумулятор.
","нестабильная работа приложений, некоторые сложные игровые сценарии, ограниченные возможности в ответе на вопросы, требуется постоянное обновление программного обеспечения."
25," данный товар представляет собой электрическую зубную щетку с набором дополнительных функций. она оснащена двигателем с различными режимами вибрации, что позволяет эффективно и бережно очищать зубы. в щетке присутствует таймер, который помогает контролировать время чистки, а также индикатор заряда батареи, благодаря чему можно всегда быть уверенным в работоспособности устройства. набор включает сменные насадки разной мягкости, что позволяет выбрать оптимальную для себя. компактный и эргономичный дизайн делает щетку удобной в использовании и позволяет взять ее с собой в путешествие. 
","['1. отличная щетка, очищает зубы лучше обычной в 3 раза. 2. разнообразные режимы вибрации позволяют подстроиться под свои индивидуальные потребности. ']","['1. батарея недолго держит заряд, приходится часто подзаряжать. 2. сменные насадки изнашиваются быстро и дорого стоят.']","эффективное очищение, разнообразные режимы вибрации, контроль времени чистки, индикатор заряда батареи, компактный и эргономичный дизайн.
","быстрое разрядка батареи, дорогие сменные насадки."
26,"электрическая чайник-кофеварка с функцией поддержания температуры. она оснащена удобной кнопкой для выбора программы приготовления кофе или чая, а также индикатором уровня воды и автоматическим отключением при закипании. чайник-кофеварка имеет стильный дизайн и выполнена из высококачественных материалов, которые обеспечивают долговечность и надежность использования. ее емкость составляет 1,5 литра, что позволяет приготовить достаточное количество кофе или чая для большой компании. благодаря функции поддержания температуры, напиток будет всегда горячим, даже через несколько часов после приготовления. в комплекте с чайником-кофеваркой поставляются несколько сменных фильтров для кофе.

","['1. прекрасная машина, которая справляется с приготовлением кофе и чая на отлично. за небольшое время можно приготовить большой объем напитка. функция поддержания температуры работает просто замечательно, чай не остывает даже после нескольких часов.', '2. очень удобный и стильный чайник-кофеварка. кнопки выбора программы очень интуитивно понятны. кофе получается настоящим ароматным и насыщенным. рекомендую всем любителям чая и кофе.']","['1. не очень понравилась эта чайник-кофеварка. первое что бросается в глаза - она достаточно громкая в работе. кнопки не всегда реагируют с первого раза. иногда чай или кофе получаются с явным привкусом пластика.', '2. к сожалению, моя чайник-кофеварка поломалась через несколько месяцев использования. она перестала включаться и не греет воду. разочарована в надежности этого товара.']","функция поддержания температуры, большая емкость, стильный дизайн, надежность использования, наличие сменных фильтров для кофе.

","громкость работы, иногда кнопки не реагируют сразу, возможность появления привкуса пластика, непостоянная надежность."
27,"

электрическая зубная щетка ""perfect clean"" - это инновационный товар, который поможет вам добиться идеальной чистоты и здоровья вашей полости рта. специально разработанная форма головки щетки и двухсторонние щетинки позволяют эффективно удалять налет и зубной камень даже из самых труднодоступных мест. благодаря регулируемому режиму вибрации, вы можете выбирать оптимальную интенсивность чистки, соответствующую вашим индивидуальным потребностям. в комплекте с зубной щеткой поставляется заменяемый насадка и зарядное устройство. 

","['1. ""отличная зубная щетка! уже после первого использования ощущается невероятная чистота во рту. щетка очень эффективно справляется с налетом и оставляет ощущение свежести на долгое время.""', '2. ""я долго искал идеальную электрическую щетку, и могу с уверенностью сказать, что ""perfect clean"" - это то, что мне нужно. разные режимы вибрации позволяют выбрать комфортную интенсивность, а заменяемая насадка делает использование удобным и гигиеничным.""']","['1. ""у меня возникли проблемы с зарядкой зубной щетки. она перестала заряжаться после нескольких месяцев использования, что было очень разочаровывающе.""', '2. ""хотя щетка отлично очищает зубы, она работает достаточно шумно. ночью это может быть довольно раздражающим, особенно если щетка используется вместе с партнером.""']","эффективное удаление налета и зубного камня, регулируемый режим вибрации, заменяемая насадка.
","проблемы с зарядкой, шумность работы, быстрое износ щетинок."
28,"электрическая зубная щетка sonic proclean 3000 - инновационный прибор для эффективного и нежного ухода за полостью рта. она оснащена электрическим двигателем, который генерирует высокочастотные вибрации, позволяя удалить до 100% налета и зубного камня. уникальная технология sonic clean гарантирует глубокое очищение пломб, коронок и ортодонтических конструкций. щетка имеет несколько режимов работы, а индикатор износа щеточной насадки позволяет своевременно заменить ее. комплектация включает 4 насадки разных жесткостей, что позволяет выбрать наиболее комфортный вариант для каждого пользователя. благодаря удобному дизайну и эргономичной ручке, использование щетки становится максимально простым и удобным.

","['1. ""эта зубная щетка - настоящее спасение для зубов! я долгое время мучилась с зубным налетом и никакие обычные щетки не помогали. но как только я начала использовать sonic proclean 3000, проблема исчезла! зубы стали значительно белее, чувство свежести просто не передать словами.""', '2. ""очень довольна этой зубной щеткой. разная жесткость насадок отлично подходит для членов моей семьи с разными предпочтениями. ощущение после чистки уникальное - все зубные отложения уходят как рукой сметая, при этом щетка очень нежная к деснам.""']","['1. ""не понравилось качество материалов. через несколько месяцев использования начали отслоение резины на ручке, что стало неприятным сюрпризом.""', '2. ""режимы работы щетки явно завышены. максимальный режим очистки слишком агрессивен для десен, приходится использовать минимальный, но с ним эффективность снижается.""']","эффективное удаление налета и зубного камня, разные режимы работы, наличие индикатора износа щеточной насадки, комплектация с разными насадками, удобный дизайн и эргономичная ручка.
","недолговечность материалов, завышенные режимы работы."
29,"наша товарная позиция - мобильный фитнес трекер, который является идеальным спутником для любителей здорового образа жизни. с высокоточным детектором пульса и удобным шагомером, этот трекер поможет вам следить за вашим физическим состоянием и активностью на протяжении всего дня. он также имеет встроенный монитор сна, который регистрирует и анализирует ваш сон, позволяя вам улучшить качество отдыха. благодаря водонепроницаемому корпусу, этот трекер подходит для использования в различных условиях, включая тренировки в бассейне. будьте в курсе своей активности и заботьтесь о своем здоровье с помощью нашего мобильного фитнес трекера.

","['1. ""я очень доволен этим трекером. он точно отслеживает мою активность и позволяет мне следить за моим сердечным ритмом во время тренировок. батарея держится долго и удобный дизайн делает его идеальным выбором для любителей спорта.""', '2. ""этот трекер помог мне улучшить качество моего сна. наблюдая за статистикой моего сна, я смог идентифицировать факторы, мешающие мне спать, и внести соответствующие изменения в мою рутину. очень рекомендую!""']","['1. ""хотя функции этого трекера хороши, я разочарован в его точности. он часто неправильно считает мои шаги и не всегда правильно измеряет пульс. это вызывает некоторую замешательство и делает его не слишком надежным.""', '2. ""мне не нравится дизайн этого трекера. он выглядит довольно громоздким на моей руке и не очень модным. я бы предпочел что-то более элегантное и компактное.""']","точно отслеживает активность, детектор пульса, шагомер, монитор сна, водонепроницаемый корпус
","неточность, неудобный дизайн, случайное выключение, избыточные функции."
30,"прошедшая дня гадалка - идеальное развлечение для веселой компании или семейного временипрепровождения. этот уникальный товар создан для того, чтобы принести улыбку и развлечение каждому. гадалка оснащена большим набором удивительных вопросов и предсказаний, которые помогут вам узнать интересные факты о вашем будущем и прошлом. каждая гадалка имеет цветной дизайн и удобный размер, что делает ее идеальной для игры на открытом воздухе или дома. также она является отличным подарком для детей или взрослых.

","['1. ""эта гадалка привнесла столько радости в нашу компанию! у нас было столько веселья, отгадывая вопросы и предсказания. очень забавный товар!""', '2. ""я купила эту гадалку в подарок своей младшей сестре. она была просто в восторге! они играют с ней каждый день и улыбаются, когда узнают что-то интересное о себе.""']","['1. ""у меня были проблемы с качеством гадалки. некоторые вопросы были повреждены и нечитаемы. очень разочарована.""', '2. ""у нас возникли сложности с правильным использованием гадалки. инструкция оказалась неясной, и мы не могли понять, как правильно играть.""']","развлекательное развитие, большой набор вопросов и предсказаний, красочный дизайн, удобный размер, подходит для игры как на открытом воздухе, так и дома, хороший подарок для детей и взрослых.

","проблемы с качеством (поврежденные или нечитаемые вопросы), неясная инструкция, некоторые вопросы и предсказания оказались неинтересными или неточными."
31,"эксклюзивная женская сумка из натуральной кожи, идеально подходящая для стильных и модных образов. сумка выполнена в классическом черном цвете с декоративными элементами в виде золотистой фурнитуры, что придает ей изысканности и элегантности. внутреннее пространство сумки разделено на несколько отделений, позволяющих организовать свои вещи в удобный и структурированный способ. ручки сумки удобно расположены и не натирают руки, а также имеют возможность регулировки длины. идеальный выбор для тех, кто ценит комфорт, стиль и качество.

","['1. я влюблена в эту сумку! качество кожи на высшем уровне, все швы аккуратные, так что выглядит очень дорого и элегантно. мне нравится, как она сидит на плече, и регулируемые ручки - это просто прелесть! внутренние отделения сделаны так, что я могу без затруднений найти нужную вещь. в общем, это самая лучшая сумка, которую я когда-либо имела!', '2. купила эту сумку в подарок подруге, и она просто в восторге! сумка выглядит дорого и стильно, отличное качество материалов и отделки. также очень практичная, вмещает все необходимые вещи, а регулируемые ручки позволяют носить ее на плече или в руке. очень рекомендую!']","['1. несмотря на высокую цену, сумка начала выглядеть потертой уже через несколько недель использования. отделка и качество оставляют желать лучшего. очень расстроена, так как сумка выглядела прекрасно вначале.', '2. мне не понравилось, что ручки сумки очень скользят, особенно, если в сумке много вещей. кажется, что они могут легко слететь с плеча. неудобно и не очень надежно.']","качество кожи, аккуратные швы, удобные ручки с регулировкой длины, организованное внутреннее пространство

","нестойкая отделка, скользкие ручки, возможные проблемы со замком."
32,"электрический чайник ""quickboil"" - надежный, функциональный и стильный кухонный прибор, который обязательно пригодится в каждом доме. он оснащен мощным нагревательным элементом, благодаря которому вода нагревается в рекордно короткие сроки. стеклянный корпус и подсветка создают эффектный эстетический образ и делают использование чайника более комфортным. крышка с фильтром предотвращает попадание накипи и посторонних частиц в нашу чашку чая или кофе. безопасный засов предотвращает пролитие воды при наливании или налива недостаточного количества воды.

","['1. ""очень удобный и быстрый чайник! всего за несколько минут вода разогревается до нужной температуры. крышка с фильтром - отличное решение, теперь не нужно беспокоиться о том, что в чашку попадет ненужная накипь. стильный дизайн подходит ко всей моей кухонной технике!""', '2. ""этот чайник стал настоящим спасителем в нашей семье! нагревает воду очень быстро, особенно удобно утром, когда спешка. как только вода закипает, чайник автоматически выключается, так что даже если забыть про него, нет никакой опасности перегрева.""']","['1. ""сразу после покупки стали появляться проблемы с открыванием крышки. иногда приходится прикладывать силу, чтобы ее открыть или закрыть. это очень неудобно и разочаровывает.""', '2. ""не очень надежная конструкция - фильтр в крышке плохо прикручен и постоянно отваливается. приходится постоянно притягивать винтик, чтоб он не выпадал.""']","быстрое нагревание воды, стильный дизайн, фильтр от накипи, безопасный засов.

","проблемы с открыванием крышки, не надежная фиксация фильтра в крышке, слишком яркая подсветка, несовершенное управление кнопками."
33,"электронный чайник ""smartkettle"" - инновационное устройство для быстрого и удобного кипячения воды. он оснащен смарт-технологией, которая позволяет контролировать процесс кипячения через мобильное приложение. чайник имеет емкость 1,7 литра и мощность 2000 вт, что позволяет быстро нагревать воду. он также обладает функцией автоматического отключения при достижении нужной температуры, а также защитой от перегрева. корпус выполнен из нержавеющей стали, что придает ему стильный внешний вид и делает его прочным и долговечным.
","['1. чайник превзошел все мои ожидания! кипячение воды стало намного удобнее благодаря возможности контролировать процесс через приложение на телефоне. теперь я могу включить чайник, находясь в другой комнате, и прийти, когда вода уже готова. он также прекрасно справляется с нагревом воды, и его дизайн отлично сочетается с моей кухней.', '2. отличный чайник с хорошей емкостью и быстрым нагревом. мне нравится, что он автоматически отключается, когда вода достигает нужной температуры. корпус из нержавеющей стали выглядит очень элегантно и легко чистится. я доволен покупкой и рекомендую этот чайник всем своим знакомым.']","['1. у меня остались некоторые проблемы с подключением чайника к моему смартфону через приложение, иногда он теряет соединение. это небольшое разочарование, но в целом чайник все равно функционирует хорошо, и я не чувствую никаких проблем в его использовании.', '2. корпус чайника быстро покрывается пятнами и отпечатками пальцев, и их трудно удалить. это создает некоторые проблемы с внешним видом чайника. помимо этого, я полностью удовлетворен его работой и функциональностью.']","удобное управление через приложение, быстрое кипячение, автоматическое отключение, стильный дизайн, надежность.
","проблемы с подключением к приложению, пятнение корпуса."
34,"мобильный телефон xyz-123 - это современный смартфон с уникальным дизайном и передовыми технологиями. устройство оснащено качественным дисплеем, мощным процессором и высококапациотивной батареей, что позволяет использовать его в течение длительного времени без подзарядки. также телефон имеет отличную камеру, которая способна делать яркие и четкие фотографии даже в условиях низкой освещенности. наличие слота для карты памяти позволяет расширить внутреннюю память и хранить большое количество файлов. смартфон поддерживает работу нескольких sim-карт, что делает его удобным при использовании разных операторов связи. кроме того, устройство оснащено сенсорным экраном с отличной цветопередачей, что позволяет удобно перемещаться по меню, просматривать интернет-страницы и смотреть видео. 
","['1. ""этот телефон - настоящее открытие для меня. он очень удобный в использовании, имеет яркий и четкий дисплей, а также отличную камеру. батарея держит заряд долго, поэтому можно не беспокоиться о разряде в самый неподходящий момент. рекомендую!""', '2. ""смартфон xyz-123 - лучший выбор по соотношению цены и качества. я приятно удивлен его возможностями. он легко справляется с многозадачностью и имеет достаточное количество оперативной памяти. также устройство выполнено в стильном дизайне, что делает его еще более привлекательным.""']","['1. ""у меня возникли проблемы с зарядкой телефона уже через несколько месяцев использования. кабель не подходит по размеру и не подключается к порту с первого раза. это чревато потерей зарядки в самый неподходящий момент.""', '2. ""камера в телефоне действительно хорошая, но при съемке видео часто появляются подтормаживания, что портит впечатление от записей. не ожидал таких проблем с этим смартфоном.""']","удобный дизайн, качественный дисплей, мощный процессор, высокая емкость батареи, отличная камера, поддержка нескольких sim-карт, наличие слота для карты памяти, хорошая цветопередача на сенсорном экране.
","проблемы с зарядкой, подтормаживания при записи видео."
35,"
электрическая зубная щетка clean&shine deluxe - это современное средство гигиены полости рта, которое обеспечивает мягкое и эффективное чистку зубов. щетка оснащена инновационными вибрационными движениями, которые позволяют очистить зубы более глубоко и эффективно, удаляя зубной налет и освежая дыхание. щетка имеет несколько режимов работы, чтобы каждый пользователь мог выбрать наиболее комфортный для себя. ее сменные насадки обеспечивают длительный срок службы и удобство использования. компактный и стильный дизайн делает щетку удобной в хранении и путешествиях. благодаря своей эффективности и надежности щетка clean&shine deluxe станет незаменимым помощником в уходе за зубами каждого члена вашей семьи.
","['1. ""эта щетка просто чудо! очень качественная и надежная. очистка зубов стала гораздо эффективнее, заметно уменьшилось количество зубного налета. батарея держит очень долго. очень рекомендую!""', '2. ""очень понравился дизайн этой зубной щетки. выглядит очень современно и стильно. режимы работы разнообразные, я выбрала себе наиболее мягкий вариант и очень довольна результатом. зубы стали чище и свежее. отличный продукт!""']","['1. ""щетка работала нормально только пару недель, а потом начала постоянно пропадать заряд. теперь вообще не включается. разочарование.""', '2. ""сама щетка хорошая, но ужасные насадки. они очень быстро стираются и приходится постоянно покупать новые. это добавляет большие расходы.""']","эффективная очистка зубов, долгая работа от батареи, разнообразные режимы работы, стильный дизайн, удобство использования.
","быстрое истощение заряда, неудобные насадки, не всегда стабильное качество работы."
36,"

электронная мультиварка ""мультишеф"" - это универсальное кухонное устройство, которое поможет вам приготовить широкий спектр блюд. она оснащена несколькими функциями, включая варку, тушение, жарку, запекание и другие. мультиварка имеет простой и понятный интерфейс, который позволяет выбрать нужный режим готовки и установить время. она также оснащена таймером, который позволяет предварительно запрограммировать время начала приготовления блюда. съемный внутренний кувшин и стеклянная крышка облегчают процесс уборки после использования. благодаря компактным размерам и стильному дизайну, мультиварку можно удобно хранить на кухне.

","['1. ""мультишеф - это настоящий спасатель в кухне! она очень удобна и проста в использовании. можно приготовить различные блюда, начиная от супов и заканчивая выпечкой. результат всегда получается вкусным и сочным. рекомендую!""', '2. ""я в восторге от этой мультиварки! она действительно экономит время и усилия в процессе готовки. блюда получаются невероятно вкусными и сочными. дополнительный плюс - легкая чистка после использования. настоящая находка для занятых людей!""']","['1. ""к сожалению, у меня негативный опыт использования мультиварки. при готовке она периодически выдает ошибки, которые я не могу разобрать. результаты готовки также разочаровывают - блюда получаются недоваренными или пережаренными. ожидала большего от этой мультиварки.""', '2. ""у меня проблемы с качеством сборки мультиварки. она начала рассыпаться после нескольких использований. кроме того, я обнаружил, что внутренний кувшин имеет небольшие трещины, что вызывает опасения при готовке. не могу порекомендовать этот товар.""']","универсальность, простой интерфейс, таймер, удобная очистка, компактные размеры и стильный дизайн.
","возможные ошибки при готовке, проблемы с качеством сборки, недостаточная функциональность."
37,"электрический чайник ""быстрый заварник"" - это стильный и удобный прибор для быстрого и комфортного приготовления чая. он оснащен мощным элементом нагрева, который позволяет быстро довести воду до кипения. интуитивно понятная панель управления позволяет легко выбрать нужную температуру и время заваривания. корпус чайника выполнен из прочных и надежных материалов, что обеспечивает долговечность и безопасность использования. компактный размер и эргономичная ручка делают его легким в управлении даже для детей и пожилых людей. будьте уверены, что с этим чайником ваши напитки всегда будут готовы вовремя и с сохранением всех полезных свойств чая.
","['1. ""отличный чайник! заваривает чай быстро и равномерно. удобное управление позволяет выбрать нужную температуру для разных сортов чая. очень доволен покупкой!"" 2. ""дизайн чайника просто потрясающий! он стильно смотрится на кухне и отлично дополняет интерьер. к тому же, я ни разу не обжегся, так как корпус не нагревается.""']","['1. ""чайник работает нормально, но очень громко шумит при кипении воды. иногда это доставляет дискомфорт."" 2. ""у меня возникла проблема с панелью управления - иногда кнопки не реагируют с первого раза и приходится несколько раз нажимать, чтобы выбрать нужный режим.""']","быстрое нагревание, интуитивно понятное управление, надежный корпус, компактный размер, эргономичная ручка
","громкий шум при кипении, проблемы с панелью управления"
38,"мобильный телефон xyz является современным и функциональным устройством, которое обладает рядом преимуществ. телефон оснащен качественным и ярким 6-дюймовым экраном, который отлично отображает контент и обеспечивает комфортное использование. он имеет мощный 8-ядерный процессор, что позволяет быстро и плавно выполнять любые задачи. телефон оснащен двойной камерой с высоким разрешением, что позволяет делать отличные фотографии и видео. он поддерживает быструю зарядку, поэтому вы всегда будете заряжены и готовы к использованию. телефон оснащен большим объемом памяти, что позволяет хранить множество данных, приложений и фотографий.

","['1) очень доволен покупкой! этот телефон просто великолепный. разрешение экрана на высоте, цвета яркие и насыщенные, смотреть фильмы на нем одно удовольствие. 2) камера поразила своим качеством. фотографии получаются четкими и яркими, даже при плохом освещении.']","['1) аккумулятор быстро разряжается, не хватает на целый день. 2) мне не понравился интерфейс, некоторые функции неудобно расположены.']","яркий и качественный экран, мощный процессор, двойная камера с высоким разрешением, быстрая зарядка, большой объем памяти.

","быстрое разряжание аккумулятора, неудобный интерфейс, проблемы со сканером отпечатков пальцев, иногда проблемы с качеством связи."
39,"

продаем новейший смартфон xyz-500 с диагональю экрана 6 дюймов и передовыми технологиями! этот смартфон обладает мощным 8-ядерным процессором, 4 гб оперативной памяти и 64 гб встроенной памяти, что позволяет работать с приложениями и запускать игры без задержек. он оснащен высококачественной 12-мегапиксельной основной камерой для великолепных фотографий и видеозаписей, а также фронтальной камерой на 8 мегапикселей для качественных селфи. смартфон оснащен аккумулятором емкостью 4000 мач для долгого времени автономной работы и поддерживает быструю зарядку. благодаря новейшей версии операционной системы android и интуитивно понятному пользовательскому интерфейсу, использование смартфона становится простым и удобным. xyz-500 поддерживает работу с двумя sim-картами, что дает возможность использовать несколько телефонных номеров одновременно. смартфон имеет встроенный nfc-модуль для быстрой и безопасной оплаты через приложения. 

","['1. смартфон xyz-500 - находка для любителей фотографии! качество снимков очень высокое, особенно в хороших световых условиях. очень радует возможность делать селфи с качественной фронтальной камерой.', '2. процессор и оперативная память позволяют смартфону работать без лагов и зависаний. можно одновременно запустить несколько приложений или запускать требовательные игры, и все работает плавно.']","['1. смартфон xyz-500 имеет довольно большие размеры, что может затруднить его использование одной рукой. не очень удобно переносить его в кармане.', '2. аккумулятор хоть и емкий, но не всегда хватает на целый день. при активном использовании возникает необходимость в подзарядке.']","высокое качество фотографий, живое и яркое изображение на экране, мощный процессор и оперативная память, наличие двух sim-карт, возможность быстрой оплаты через nfc.

","большие размеры смартфона, недостаточная емкость аккумулятора для длительного использования без подзарядки."
